Model,Accuracy,Precision,Recall,F1
Gradient Boosting,0.9988538994706108,0.998855295009725,0.9988538994706108,0.9988534077059447
