Model,Accuracy,Precision,Recall,F1
HistGradientBoosting,0.6987392894176718,0.715138479973148,0.6987392894176718,0.6763137073836564
