Model,Accuracy,Precision,Recall,F1
MLP,0.6376685040659281,0.640466757094247,0.6376685040659281,0.6010495050611111
