Model,Accuracy,Precision,Recall,F1
Random Forest,0.9822627299023086,0.9826240548039633,0.9822627299023086,0.9822019800934493
