Model,Accuracy,Precision,Recall,F1
XGBoost,0.7060525023194891,0.7208772791043584,0.7060525023194891,0.6858005903285209
